{"chromosome_structure":{"ba":{"length":10,"start":110},"bh":{"length":10,"start":56},"bp":{"length":10,"start":92},"bs":{"length":10,"start":18},"bv":{"length":10,"start":0},"bw":{"length":10,"start":66},"gn":{"length":1,"start":130},"hm":{"length":8,"start":76},"im":{"length":10,"start":120},"mh":{"length":10,"start":36},"mw":{"length":10,"start":46},"pm":{"length":8,"start":102},"sm":{"length":8,"start":28},"vm":{"length":8,"start":10},"wm":{"length":8,"start":84}},"conceiving_probability":0.8079970784178119,"food_chain_rank":1,"is_asexual":0,"mating_age_end":25.49866985255267,"mating_age_start":9.472664079092825,"mutation_probability":0.00988952442216708,"offsprings_factor":9.845430621644638,"species_age_fitness_on_death_ratio":8.93535706176534,"species_age_on_death":3.0740248132922985,"species_chromosome_number":256,"species_fitness_on_death":68.4762713579481,"species_height_on_speed":-0.04933865228088406,"species_height_on_stamina":-0.05242063492231071,"species_height_on_vitality":0.09847599385352684,"species_max_age":54.11700657620633,"species_sleep_restore_factor":31.36678967032077,"species_stamina_on_appetite":-0.2803619085223192,"species_stamina_on_speed":0.49108622944874675,"species_theoretical_maximum_base_appetite":10172.036985918478,"species_theoretical_maximum_base_height":0.4861599562750811,"species_theoretical_maximum_base_speed":14.284152076625151,"species_theoretical_maximum_base_stamina":10635.937278316545,"species_theoretical_maximum_base_vitality":9675.436826507253,"species_theoretical_maximum_base_weight":19.586582136229648,"species_theoretical_maximum_height":4.669753046456646,"species_theoretical_maximum_height_multiplier":1.0548473482843659,"species_theoretical_maximum_speed":144.22155610212366,"species_theoretical_maximum_speed_multiplier":1.1240139652263457,"species_theoretical_maximum_stamina_multiplier":1.020093399784935,"species_theoretical_maximum_vitality_multiplier":1.0129156105457156,"species_theoretical_maximum_weight":421.5585055553126,"species_theoretical_maximum_weight_multiplier":1.091832086218658,"species_vitality_on_appetite":-0.298451547732327,"species_vitality_on_speed":0.0,"species_weight_on_speed":-0.0,"species_weight_on_stamina":-0.23150170313906895,"species_weight_on_vitality":0.26930519659805713,"vision_radius":260.4527545754452}